<?xml version="1.0" encoding="UTF-8"?>
<beans xmlns="http://www.springframework.org/schema/beans"
	xmlns:xsi="http://www.w3.org/2001/XMLSchema-instance"
	xsi:schemaLocation="http://www.springframework.org/schema/beans
	http://www.springframework.org/schema/beans/spring-beans-3.0.xsd">
	
	<bean id="messageBean" class="com.mulcam.di.sample4.MessageBeanImpl">
		<constructor-arg>
			<value>Spring</value>
		</constructor-arg>
		<property name="greeting">
			<value>Hello</value>
		</property>
		<property name="outputter">
			<ref bean="outputter"></ref>
		</property>
	</bean>
	
	<bean id="outputter" class="com.mulcam.di.sample4.FileOutputter">
		<property name="filePath">
			<value>out.txt</value>
		</property>
	</bean>
</beans>
